ID,withdrawal,completed
TEST_0000,0,1
TEST_0001,0,1
TEST_0002,0,1
TEST_0003,0,1
TEST_0004,0,1
TEST_0005,0,1
TEST_0006,0,1
TEST_0007,0,1
TEST_0008,0,1
TEST_0009,0,1
TEST_0010,0,1
TEST_0011,0,1
TEST_0012,0,1
TEST_0013,0,1
TEST_0014,0,1
TEST_0015,0,1
TEST_0016,0,1
TEST_0017,0,1
TEST_0018,0,1
TEST_0019,0,1
TEST_0020,0,1
TEST_0021,0,1
TEST_0022,0,1
TEST_0023,0,1
TEST_0024,0,1
TEST_0025,0,1
TEST_0026,0,1
TEST_0027,0,1
TEST_0028,0,1
TEST_0029,0,1
TEST_0030,0,1
TEST_0031,0,1
TEST_0032,0,1
TEST_0033,0,1
TEST_0034,0,1
TEST_0035,0,1
TEST_0036,0,1
TEST_0037,0,1
TEST_0038,0,1
TEST_0039,0,1
TEST_0040,0,1
TEST_0041,0,1
TEST_0042,0,1
TEST_0043,0,1
TEST_0044,0,1
TEST_0045,0,1
TEST_0046,0,1
TEST_0047,0,1
TEST_0048,0,1
TEST_0049,0,1
TEST_0050,0,1
TEST_0051,0,1
TEST_0052,0,1
TEST_0053,0,1
TEST_0054,0,1
TEST_0055,0,1
TEST_0056,0,1
TEST_0057,0,1
TEST_0058,0,1
TEST_0059,0,1
TEST_0060,0,1
TEST_0061,0,1
TEST_0062,0,1
TEST_0063,0,1
TEST_0064,0,1
TEST_0065,0,1
TEST_0066,0,1
TEST_0067,0,1
TEST_0068,0,1
TEST_0069,0,1
TEST_0070,0,1
TEST_0071,0,1
TEST_0072,0,1
TEST_0073,0,1
TEST_0074,0,1
TEST_0075,0,1
TEST_0076,0,1
TEST_0077,0,1
TEST_0078,0,1
TEST_0079,0,1
TEST_0080,0,1
TEST_0081,0,1
TEST_0082,0,1
TEST_0083,0,1
TEST_0084,0,1
TEST_0085,0,1
TEST_0086,0,1
TEST_0087,0,1
TEST_0088,0,1
TEST_0089,0,1
TEST_0090,0,1
TEST_0091,0,1
TEST_0092,0,1
TEST_0093,0,1
TEST_0094,0,1
TEST_0095,0,1
TEST_0096,0,1
TEST_0097,0,1
TEST_0098,0,1
TEST_0099,0,1
TEST_0100,0,1
TEST_0101,0,1
TEST_0102,0,1
TEST_0103,0,1
TEST_0104,0,1
TEST_0105,0,1
TEST_0106,0,1
TEST_0107,0,1
TEST_0108,0,1
TEST_0109,0,1
TEST_0110,0,1
TEST_0111,0,1
TEST_0112,0,1
TEST_0113,0,1
TEST_0114,0,1
TEST_0115,0,1
TEST_0116,0,1
TEST_0117,0,1
TEST_0118,0,1
TEST_0119,0,1
TEST_0120,0,1
TEST_0121,0,1
TEST_0122,0,1
TEST_0123,0,1
TEST_0124,0,1
TEST_0125,0,1
TEST_0126,0,1
TEST_0127,0,1
TEST_0128,0,1
TEST_0129,0,1
TEST_0130,0,1
TEST_0131,0,1
TEST_0132,0,1
TEST_0133,0,1
TEST_0134,0,1
TEST_0135,0,1
TEST_0136,0,1
TEST_0137,0,1
TEST_0138,0,1
TEST_0139,0,1
TEST_0140,0,1
TEST_0141,0,1
TEST_0142,0,1
TEST_0143,0,1
TEST_0144,0,1
TEST_0145,0,1
TEST_0146,0,1
TEST_0147,0,1
TEST_0148,0,1
TEST_0149,0,1
TEST_0150,0,1
TEST_0151,0,1
TEST_0152,0,1
TEST_0153,0,1
TEST_0154,0,1
TEST_0155,0,1
TEST_0156,0,1
TEST_0157,0,1
TEST_0158,0,1
TEST_0159,0,1
TEST_0160,0,1
TEST_0161,0,1
TEST_0162,0,1
TEST_0163,0,1
TEST_0164,0,1
TEST_0165,0,1
TEST_0166,0,1
TEST_0167,0,1
TEST_0168,0,1
TEST_0169,0,1
TEST_0170,0,1
TEST_0171,0,1
TEST_0172,0,1
TEST_0173,0,1
TEST_0174,0,1
TEST_0175,0,1
TEST_0176,0,1
TEST_0177,0,1
TEST_0178,0,1
TEST_0179,0,1
TEST_0180,0,1
TEST_0181,0,1
TEST_0182,0,1
TEST_0183,0,1
TEST_0184,0,1
TEST_0185,0,1
TEST_0186,0,1
TEST_0187,0,1
TEST_0188,0,1
TEST_0189,0,1
TEST_0190,0,1
TEST_0191,0,1
TEST_0192,0,1
TEST_0193,0,1
TEST_0194,0,1
TEST_0195,0,1
TEST_0196,0,1
TEST_0197,0,1
TEST_0198,0,1
TEST_0199,0,1
TEST_0200,0,1
TEST_0201,0,1
TEST_0202,0,1
TEST_0203,0,1
TEST_0204,0,1
TEST_0205,0,1
TEST_0206,0,1
TEST_0207,0,1
TEST_0208,0,1
TEST_0209,0,1
TEST_0210,0,1
TEST_0211,0,1
TEST_0212,0,1
TEST_0213,0,1
TEST_0214,0,1
TEST_0215,0,1
TEST_0216,0,1
TEST_0217,0,1
TEST_0218,0,1
TEST_0219,0,1
TEST_0220,0,1
TEST_0221,0,1
TEST_0222,0,1
TEST_0223,0,1
TEST_0224,0,1
TEST_0225,0,1
TEST_0226,0,1
TEST_0227,0,1
TEST_0228,0,1
TEST_0229,0,1
TEST_0230,0,1
TEST_0231,0,1
TEST_0232,0,1
TEST_0233,0,1
TEST_0234,0,1
TEST_0235,0,1
TEST_0236,0,1
TEST_0237,0,1
TEST_0238,0,1
TEST_0239,0,1
TEST_0240,0,1
TEST_0241,0,1
TEST_0242,0,1
TEST_0243,0,1
TEST_0244,0,1
TEST_0245,0,1
TEST_0246,0,1
TEST_0247,0,1
TEST_0248,0,1
TEST_0249,0,1
TEST_0250,0,1
TEST_0251,0,1
TEST_0252,0,1
TEST_0253,0,1
TEST_0254,0,1
TEST_0255,0,1
TEST_0256,0,1
TEST_0257,0,1
TEST_0258,0,1
TEST_0259,0,1
TEST_0260,0,1
TEST_0261,0,1
TEST_0262,0,1
TEST_0263,0,1
TEST_0264,0,1
TEST_0265,0,1
TEST_0266,0,1
TEST_0267,0,1
TEST_0268,0,1
TEST_0269,0,1
TEST_0270,0,1
TEST_0271,0,1
TEST_0272,0,1
TEST_0273,0,1
TEST_0274,0,1
TEST_0275,0,1
TEST_0276,0,1
TEST_0277,0,1
TEST_0278,0,1
TEST_0279,0,1
TEST_0280,0,1
TEST_0281,0,1
TEST_0282,0,1
TEST_0283,0,1
TEST_0284,0,1
TEST_0285,0,1
TEST_0286,0,1
TEST_0287,0,1
TEST_0288,0,1
TEST_0289,0,1
TEST_0290,0,1
TEST_0291,0,1
TEST_0292,0,1
TEST_0293,0,1
TEST_0294,0,1
TEST_0295,0,1
TEST_0296,0,1
TEST_0297,0,1
TEST_0298,0,1
TEST_0299,0,1
TEST_0300,0,1
TEST_0301,0,1
TEST_0302,0,1
TEST_0303,0,1
TEST_0304,0,1
TEST_0305,0,1
TEST_0306,0,1
TEST_0307,0,1
TEST_0308,0,1
TEST_0309,0,1
TEST_0310,0,1
TEST_0311,0,1
TEST_0312,0,1
TEST_0313,0,1
TEST_0314,0,1
TEST_0315,0,1
TEST_0316,0,1
TEST_0317,0,1
TEST_0318,0,1
TEST_0319,0,1
TEST_0320,0,1
TEST_0321,0,1
TEST_0322,0,1
TEST_0323,0,1
TEST_0324,0,1
TEST_0325,0,1
TEST_0326,0,1
TEST_0327,0,1
TEST_0328,0,1
TEST_0329,0,1
TEST_0330,0,1
TEST_0331,0,1
TEST_0332,0,1
TEST_0333,0,1
TEST_0334,0,1
TEST_0335,0,1
TEST_0336,0,1
TEST_0337,0,1
TEST_0338,0,1
TEST_0339,0,1
TEST_0340,0,1
TEST_0341,0,1
TEST_0342,0,1
TEST_0343,0,1
TEST_0344,0,1
TEST_0345,0,1
TEST_0346,0,1
TEST_0347,0,1
TEST_0348,0,1
TEST_0349,0,1
TEST_0350,0,1
TEST_0351,0,1
TEST_0352,0,1
TEST_0353,0,1
TEST_0354,0,1
TEST_0355,0,1
TEST_0356,0,1
TEST_0357,0,1
TEST_0358,0,1
TEST_0359,0,1
TEST_0360,0,1
TEST_0361,0,1
TEST_0362,0,1
TEST_0363,0,1
TEST_0364,0,1
TEST_0365,0,1
TEST_0366,0,1
TEST_0367,0,1
TEST_0368,0,1
TEST_0369,0,1
TEST_0370,0,1
TEST_0371,0,1
TEST_0372,0,1
TEST_0373,0,1
TEST_0374,0,1
TEST_0375,0,1
TEST_0376,0,1
TEST_0377,0,1
TEST_0378,0,1
TEST_0379,0,1
TEST_0380,0,1
TEST_0381,0,1
TEST_0382,0,1
TEST_0383,0,1
TEST_0384,0,1
TEST_0385,0,1
TEST_0386,0,1
TEST_0387,0,1
TEST_0388,0,1
TEST_0389,0,1
TEST_0390,0,1
TEST_0391,0,1
TEST_0392,0,1
TEST_0393,0,1
TEST_0394,0,1
TEST_0395,0,1
TEST_0396,0,1
TEST_0397,0,1
TEST_0398,0,1
TEST_0399,0,1
TEST_0400,0,1
TEST_0401,0,1
TEST_0402,0,1
TEST_0403,0,1
TEST_0404,0,1
TEST_0405,0,1
TEST_0406,0,1
TEST_0407,0,1
TEST_0408,0,1
TEST_0409,0,1
TEST_0410,0,1
TEST_0411,0,1
TEST_0412,0,1
TEST_0413,0,1
TEST_0414,0,1
TEST_0415,0,1
TEST_0416,0,1
TEST_0417,0,1
TEST_0418,0,1
TEST_0419,0,1
TEST_0420,0,1
TEST_0421,0,1
TEST_0422,0,1
TEST_0423,0,1
TEST_0424,0,1
TEST_0425,0,1
TEST_0426,0,1
TEST_0427,0,1
TEST_0428,0,1
TEST_0429,0,1
TEST_0430,0,1
TEST_0431,0,1
TEST_0432,0,1
TEST_0433,0,1
TEST_0434,0,1
TEST_0435,0,1
TEST_0436,0,1
TEST_0437,0,1
TEST_0438,0,1
TEST_0439,0,1
TEST_0440,0,1
TEST_0441,0,1
TEST_0442,0,1
TEST_0443,0,1
TEST_0444,0,1
TEST_0445,0,1
TEST_0446,0,1
TEST_0447,0,1
TEST_0448,0,1
TEST_0449,0,1
TEST_0450,0,1
TEST_0451,0,1
TEST_0452,0,1
TEST_0453,0,1
TEST_0454,0,1
TEST_0455,0,1
TEST_0456,0,1
TEST_0457,0,1
TEST_0458,0,1
TEST_0459,0,1
TEST_0460,0,1
TEST_0461,0,1
TEST_0462,0,1
TEST_0463,0,1
TEST_0464,0,1
TEST_0465,0,1
TEST_0466,0,1
TEST_0467,0,1
TEST_0468,0,1
TEST_0469,0,1
TEST_0470,0,1
TEST_0471,0,1
TEST_0472,0,1
TEST_0473,0,1
TEST_0474,0,1
TEST_0475,0,1
TEST_0476,0,1
TEST_0477,0,1
TEST_0478,0,1
TEST_0479,0,1
TEST_0480,0,1
TEST_0481,0,1
TEST_0482,0,1
TEST_0483,0,1
TEST_0484,0,1
TEST_0485,0,1
TEST_0486,0,1
TEST_0487,0,1
TEST_0488,0,1
TEST_0489,0,1
TEST_0490,0,1
TEST_0491,0,1
TEST_0492,0,1
TEST_0493,0,1
TEST_0494,0,1
TEST_0495,0,1
TEST_0496,0,1
TEST_0497,0,1
TEST_0498,0,1
TEST_0499,0,1
TEST_0500,0,1
TEST_0501,0,1
TEST_0502,0,1
TEST_0503,0,1
TEST_0504,0,1
TEST_0505,0,1
TEST_0506,0,1
TEST_0507,0,1
TEST_0508,0,1
TEST_0509,0,1
TEST_0510,0,1
TEST_0511,0,1
TEST_0512,0,1
TEST_0513,0,1
TEST_0514,0,1
TEST_0515,0,1
TEST_0516,0,1
TEST_0517,0,1
TEST_0518,0,1
TEST_0519,0,1
TEST_0520,0,1
TEST_0521,0,1
TEST_0522,0,1
TEST_0523,0,1
TEST_0524,0,1
TEST_0525,0,1
TEST_0526,0,1
TEST_0527,0,1
TEST_0528,0,1
TEST_0529,0,1
TEST_0530,0,1
TEST_0531,0,1
TEST_0532,0,1
TEST_0533,0,1
TEST_0534,0,1
TEST_0535,0,1
TEST_0536,0,1
TEST_0537,0,1
TEST_0538,0,1
TEST_0539,0,1
TEST_0540,0,1
TEST_0541,0,1
TEST_0542,0,1
TEST_0543,0,1
TEST_0544,0,1
TEST_0545,0,1
TEST_0546,0,1
TEST_0547,0,1
TEST_0548,0,1
TEST_0549,0,1
TEST_0550,0,1
TEST_0551,0,1
TEST_0552,0,1
TEST_0553,0,1
TEST_0554,0,1
TEST_0555,0,1
TEST_0556,0,1
TEST_0557,0,1
TEST_0558,0,1
TEST_0559,0,1
TEST_0560,0,1
TEST_0561,0,1
TEST_0562,0,1
TEST_0563,0,1
TEST_0564,0,1
TEST_0565,0,1
TEST_0566,0,1
TEST_0567,0,1
TEST_0568,0,1
TEST_0569,0,1
TEST_0570,0,1
TEST_0571,0,1
TEST_0572,0,1
TEST_0573,0,1
TEST_0574,0,1
TEST_0575,0,1
TEST_0576,0,1
TEST_0577,0,1
TEST_0578,0,1
TEST_0579,0,1
TEST_0580,0,1
TEST_0581,0,1
TEST_0582,0,1
TEST_0583,0,1
TEST_0584,0,1
TEST_0585,0,1
TEST_0586,0,1
TEST_0587,0,1
TEST_0588,0,1
TEST_0589,0,1
TEST_0590,0,1
TEST_0591,0,1
TEST_0592,0,1
TEST_0593,0,1
TEST_0594,0,1
TEST_0595,0,1
TEST_0596,0,1
TEST_0597,0,1
TEST_0598,0,1
TEST_0599,0,1
TEST_0600,0,1
TEST_0601,0,1
TEST_0602,0,1
TEST_0603,0,1
TEST_0604,0,1
TEST_0605,0,1
TEST_0606,0,1
TEST_0607,0,1
TEST_0608,0,1
TEST_0609,0,1
TEST_0610,0,1
TEST_0611,0,1
TEST_0612,0,1
TEST_0613,0,1
TEST_0614,0,1
TEST_0615,0,1
TEST_0616,0,1
TEST_0617,0,1
TEST_0618,0,1
TEST_0619,0,1
TEST_0620,0,1
TEST_0621,0,1
TEST_0622,0,1
TEST_0623,0,1
TEST_0624,0,1
TEST_0625,0,1
TEST_0626,0,1
TEST_0627,0,1
TEST_0628,0,1
TEST_0629,0,1
TEST_0630,0,1
TEST_0631,0,1
TEST_0632,0,1
TEST_0633,0,1
TEST_0634,0,1
TEST_0635,0,1
TEST_0636,0,1
TEST_0637,0,1
TEST_0638,0,1
TEST_0639,0,1
TEST_0640,0,1
TEST_0641,0,1
TEST_0642,0,1
TEST_0643,0,1
TEST_0644,0,1
TEST_0645,0,1
TEST_0646,0,1
TEST_0647,0,1
TEST_0648,0,1
TEST_0649,0,1
TEST_0650,0,1
TEST_0651,0,1
TEST_0652,0,1
TEST_0653,0,1
TEST_0654,0,1
TEST_0655,0,1
TEST_0656,0,1
TEST_0657,0,1
TEST_0658,0,1
TEST_0659,0,1
TEST_0660,0,1
TEST_0661,0,1
TEST_0662,0,1
TEST_0663,0,1
TEST_0664,0,1
TEST_0665,0,1
TEST_0666,0,1
TEST_0667,0,1
TEST_0668,0,1
TEST_0669,0,1
TEST_0670,0,1
TEST_0671,0,1
TEST_0672,0,1
TEST_0673,0,1
TEST_0674,0,1
TEST_0675,0,1
TEST_0676,0,1
TEST_0677,0,1
TEST_0678,0,1
TEST_0679,0,1
TEST_0680,0,1
TEST_0681,0,1
TEST_0682,0,1
TEST_0683,0,1
TEST_0684,0,1
TEST_0685,0,1
TEST_0686,0,1
TEST_0687,0,1
TEST_0688,0,1
TEST_0689,0,1
TEST_0690,0,1
TEST_0691,0,1
TEST_0692,0,1
TEST_0693,0,1
TEST_0694,0,1
TEST_0695,0,1
TEST_0696,0,1
TEST_0697,0,1
TEST_0698,0,1
TEST_0699,0,1
TEST_0700,0,1
TEST_0701,0,1
TEST_0702,0,1
TEST_0703,0,1
TEST_0704,0,1
TEST_0705,0,1
TEST_0706,0,1
TEST_0707,0,1
TEST_0708,0,1
TEST_0709,0,1
TEST_0710,0,1
TEST_0711,0,1
TEST_0712,0,1
TEST_0713,0,1
TEST_0714,0,1
TEST_0715,0,1
TEST_0716,0,1
TEST_0717,0,1
TEST_0718,0,1
TEST_0719,0,1
TEST_0720,0,1
TEST_0721,0,1
TEST_0722,0,1
TEST_0723,0,1
TEST_0724,0,1
TEST_0725,0,1
TEST_0726,0,1
TEST_0727,0,1
TEST_0728,0,1
TEST_0729,0,1
TEST_0730,0,1
TEST_0731,0,1
TEST_0732,0,1
TEST_0733,0,1
TEST_0734,0,1
TEST_0735,0,1
TEST_0736,0,1
TEST_0737,0,1
TEST_0738,0,1
TEST_0739,0,1
TEST_0740,0,1
TEST_0741,0,1
TEST_0742,0,1
TEST_0743,0,1
TEST_0744,0,1
TEST_0745,0,1
TEST_0746,0,1
TEST_0747,0,1
TEST_0748,0,1
TEST_0749,0,1
TEST_0750,0,1
TEST_0751,0,1
TEST_0752,0,1
TEST_0753,0,1
TEST_0754,0,1
TEST_0755,0,1
TEST_0756,0,1
TEST_0757,0,1
TEST_0758,0,1
TEST_0759,0,1
TEST_0760,0,1
TEST_0761,0,1
TEST_0762,0,1
TEST_0763,0,1
TEST_0764,0,1
TEST_0765,0,1
TEST_0766,0,1
TEST_0767,0,1
TEST_0768,0,1
TEST_0769,0,1
TEST_0770,0,1
TEST_0771,0,1
TEST_0772,0,1
TEST_0773,0,1
TEST_0774,0,1
TEST_0775,0,1
TEST_0776,0,1
TEST_0777,0,1
TEST_0778,0,1
TEST_0779,0,1
TEST_0780,0,1
TEST_0781,0,1
TEST_0782,0,1
TEST_0783,0,1
TEST_0784,0,1
TEST_0785,0,1
TEST_0786,0,1
TEST_0787,0,1
